{
  "backend": "PyTorch",
  "camera_index": 0,
  "mean_fps": 0.954450520831236,
  "latency_ms": {
    "mean": 23.02200697362423,
    "p50": 20.923250005580485,
    "p95": 31.254420010372964,
    "p99": 63.11915613943734,
    "min": 15.939899953082204,
    "max": 107.44699998758733
  },
  "frame_size": {
    "width": 640,
    "height": 480
  }
}