{
  "train_loss": [
    1.2101622422536213,
    0.4917364904804835,
    0.31099063148574224,
    0.2533953795357356,
    0.22886845852647508,
    0.2052242014143202,
    0.194473431011041,
    0.1863121812778806,
    0.18446677691406674,
    0.1776067890345104,
    0.17622235866766128,
    0.17512508734824164,
    0.1670860986387919,
    0.16744364254058353,
    0.16409842963256532,
    0.16661932421109032,
    0.16440129062486072,
    0.16348674004040067,
    0.16336324737658575,
    0.16133132685744572,
    0.1601550203940225,
    0.16229471673095036,
    0.16206246183978187,
    0.1601784635630865,
    0.15971697736827153,
    0.16008833036536263,
    0.1591910018334313,
    0.15995377966808894,
    0.1591458817323049,
    0.15805689801299383,
    0.1585997338332827,
    0.15884121467196752,
    0.15811555749840206,
    0.15740723981270716,
    0.15690872021137722,
    0.15696210099591149,
    0.15688228479453495,
    0.15669492440564292,
    0.1566574185613602,
    0.15663683513800303,
    0.15562024897053128,
    0.15810064985638572,
    0.15896571486715286,
    0.15786401705136374,
    0.1570490907108973,
    0.15590599283339485,
    0.1590086471939844,
    0.15743618806203205,
    0.1550600925135234,
    0.15478551998024895
  ],
  "val_loss": [
    0.4912534424552211,
    0.2385117326621656,
    0.18882956306139628,
    0.1709496971633699,
    0.16488860856603693,
    0.16102837754620447,
    0.1585038904790525,
    0.15795020405892973,
    0.15715953100610663,
    0.15670176369172556,
    0.15618695318698883,
    0.15588953616442502,
    0.15639463464419048,
    0.15593505987414608,
    0.15541971999186058,
    0.154847029182646,
    0.15482561025354596,
    0.15489930576748318,
    0.15515814854039087,
    0.15464521304324821,
    0.15607130295700497,
    0.1546877333411464,
    0.15444105642813225,
    0.15456781718466017,
    0.15435529671333453,
    0.1547978044660003,
    0.15422958389476493,
    0.15416662019711955,
    0.1553355054722892,
    0.15462503057939034,
    0.15424733062585194,
    0.15566432619536363,
    0.1545149016159552,
    0.15430511644592992,
    0.15399807614308816,
    0.15520696938037873,
    0.1543334303078828,
    0.15485334076263285,
    0.15488153839552843,
    0.15550308183387473,
    0.155413270217401,
    0.1556664048521607,
    0.16119136909643808,
    0.15969683704552828,
    0.15586183876902968,
    0.15749707442742808,
    0.15728476996775026,
    0.1553137516533887,
    0.15556195908122591,
    0.15546821841487177
  ],
  "train_acc": [
    0.5902777777777778,
    0.834920634920635,
    0.8751984126984127,
    0.8742063492063492,
    0.878968253968254,
    0.8849206349206349,
    0.8821428571428571,
    0.8829365079365079,
    0.8845238095238095,
    0.8849206349206349,
    0.8920634920634921,
    0.8884920634920634,
    0.8920634920634921,
    0.8888888888888888,
    0.8863095238095238,
    0.8875,
    0.8888888888888888,
    0.8875,
    0.8851190476190476,
    0.8918650793650794,
    0.8892857142857142,
    0.8875,
    0.8894841269841269,
    0.8912698412698413,
    0.8902777777777777,
    0.893452380952381,
    0.8928571428571429,
    0.8898809523809523,
    0.8942460317460318,
    0.8922619047619048,
    0.8948412698412699,
    0.8912698412698413,
    0.8878968253968254,
    0.8892857142857142,
    0.8875,
    0.8964285714285715,
    0.8888888888888888,
    0.8928571428571429,
    0.8946428571428572,
    0.897420634920635,
    0.8948412698412699,
    0.8936507936507937,
    0.8948412698412699,
    0.8936507936507937,
    0.8990079365079365,
    0.8966269841269842,
    0.8924603174603175,
    0.8982142857142857,
    0.8924603174603175,
    0.8958333333333334
  ],
  "val_acc": [
    0.8685185185185185,
    0.8861111111111111,
    0.8898148148148148,
    0.8851851851851852,
    0.8870370370370371,
    0.8777777777777778,
    0.8935185185185185,
    0.8888888888888888,
    0.8842592592592593,
    0.8824074074074074,
    0.8814814814814815,
    0.887962962962963,
    0.8842592592592593,
    0.8907407407407407,
    0.8870370370370371,
    0.8842592592592593,
    0.8842592592592593,
    0.887962962962963,
    0.8888888888888888,
    0.887962962962963,
    0.887962962962963,
    0.887962962962963,
    0.8898148148148148,
    0.8870370370370371,
    0.8851851851851852,
    0.8888888888888888,
    0.887962962962963,
    0.8898148148148148,
    0.887962962962963,
    0.8898148148148148,
    0.8925925925925926,
    0.8888888888888888,
    0.8870370370370371,
    0.8861111111111111,
    0.8925925925925926,
    0.8842592592592593,
    0.8925925925925926,
    0.8833333333333333,
    0.8814814814814815,
    0.8898148148148148,
    0.8796296296296297,
    0.8851851851851852,
    0.8824074074074074,
    0.8842592592592593,
    0.8907407407407407,
    0.8888888888888888,
    0.8861111111111111,
    0.8907407407407407,
    0.8814814814814815,
    0.887962962962963
  ],
  "lr": [
    0.001,
    0.001,
    0.001,
    0.001,
    0.001,
    0.001,
    0.001,
    0.001,
    0.001,
    0.001,
    0.001,
    0.001,
    0.001,
    0.001,
    0.001,
    0.001,
    0.001,
    0.001,
    0.001,
    0.001,
    0.001,
    0.001,
    0.001,
    0.001,
    0.001,
    0.001,
    0.001,
    0.001,
    0.001,
    0.001,
    0.001,
    0.001,
    0.001,
    0.001,
    0.001,
    0.001,
    0.001,
    0.001,
    0.001,
    0.001,
    0.001,
    0.001,
    0.001,
    0.001,
    0.001,
    0.0005,
    0.0005,
    0.0005,
    0.0005,
    0.0005
  ]
}